{"cameraMode":{"drawMode":0,"name":"Shaded","section":"Shading Mode"},"sceneLighting":true,"audioPlay":false,"sceneViewState":{"showFog":true,"showMaterialUpdate":false,"showSkybox":true,"showFlares":true,"showImageEffects":true,"showParticleSystems":true},"in2DMode":false,"pivot":{"x":-17.742931365966798,"y":3.0920934677124025,"z":0.6513535976409912},"rotation":{"x":-0.04057474061846733,"y":0.704673707485199,"z":-0.04042845219373703,"w":-0.7072158455848694},"size":12.234641075134278,"orthographic":false}